period,plus,minus,total,plus_percentage,minus_percentage
pm_01,491.0,-1278.0,1769,27.755794234030525,72.24420576596947
pm_02,1494.0,-999.0,2493,59.92779783393502,40.07220216606498
