period,plus,minus,total,plus_percentage,minus_percentage
pm_01,483.0,-1261.0,1744,27.69495412844037,72.30504587155964
pm_02,1502.0,-1016.0,2518,59.6505162827641,40.3494837172359
