categories,period,plus,minus,total,plus_percentage,minus_percentage
วัง & องคมนตรี,PM_01,7.0,-10.0,17,41.17647058823529,58.82352941176471
ตำรวจ & ทหาร,PM_01,1.0,-1.0,2,50.0,50.0
ศาล & องค์กรอิสระ,PM_01,68.0,-162.0,230,29.565217391304348,70.43478260869566
พรรคการเมือง & กลุ่มการเมือง,PM_01,466.0,-1196.0,1662,28.038507821901327,71.96149217809868
วัง & องคมนตรี,PM_02,75.0,-8.0,83,90.36144578313254,9.63855421686747
ตำรวจ & ทหาร,PM_02,71.0,-7.0,78,91.02564102564102,8.974358974358974
ศาล & องค์กรอิสระ,PM_02,313.0,-201.0,514,60.89494163424124,39.10505836575876
พรรคการเมือง & กลุ่มการเมือง,PM_02,1382.0,-976.0,2358,58.60899067005937,41.39100932994062
